{
  "predictions": {
    "0": 0.3914385139942169,
    "1": 0.3853617012500763,
    "2": 0.39082035422325134,
    "3": 0.425367146730423,
    "4": 0.39453980326652527,
    "5": 0.4335576891899109,
    "6": 0.38490819931030273,
    "7": 0.3819809556007385,
    "8": 0.3785805106163025,
    "9": 0.3724684417247772,
    "10": 0.4105152487754822,
    "11": 0.40645521879196167,
    "12": 0.42419975996017456,
    "13": 0.388447105884552,
    "14": 0.3862643539905548,
    "15": 0.3984004855155945,
    "16": 0.3831339180469513,
    "17": 0.3904370069503784,
    "18": 0.39003586769104004,
    "19": 0.3932524025440216,
    "20": 0.3970790207386017,
    "21": 0.4208191931247711,
    "22": 0.3899727165699005,
    "23": 0.42311933636665344,
    "24": 0.38481590151786804,
    "25": 0.4246290326118469,
    "26": 0.39309078454971313,
    "27": 0.42495933175086975,
    "28": 0.3974478244781494,
    "29": 0.41532036662101746
  },
  "overall_score": 0.399380624294281
}