{
  "predictions": {
    "0": 0.42281872034072876,
    "1": 0.41254663467407227,
    "2": 0.416124165058136,
    "3": 0.42184630036354065,
    "4": 0.41298073530197144,
    "5": 0.4133337140083313,
    "6": 0.45800092816352844,
    "7": 0.49800169467926025,
    "8": 0.4423045516014099,
    "9": 0.4407012462615967,
    "10": 0.4415358901023865,
    "11": 0.4029238224029541,
    "12": 0.44517913460731506,
    "13": 0.4388303756713867,
    "14": 0.4437785744667053,
    "15": 0.44440406560897827,
    "16": 0.4416283369064331,
    "17": 0.4475460648536682,
    "18": 0.41622912883758545,
    "19": 0.4289432764053345,
    "20": 0.4214553236961365,
    "21": 0.4443607032299042,
    "22": 0.4223175644874573,
    "23": 0.4464864432811737,
    "24": 0.4570990204811096,
    "25": 0.4265003800392151,
    "26": 0.4326995313167572,
    "27": 0.4404674172401428,
    "28": 0.43973687291145325,
    "29": 0.41772356629371643
  },
  "overall_score": 0.4346168339252472
}