{
  "predictions": {
    "0": 0.3206647038459778,
    "1": 0.33374425768852234,
    "2": 0.36807936429977417,
    "3": 0.32222113013267517,
    "4": 0.35180047154426575,
    "5": 0.37299469113349915,
    "6": 0.3545397222042084,
    "7": 0.36892223358154297,
    "8": 0.3717643618583679,
    "9": 0.3750408887863159,
    "10": 0.37960588932037354,
    "11": 0.3829987347126007,
    "12": 0.35835275053977966,
    "13": 0.3569914400577545,
    "14": 0.37599804997444153,
    "15": 0.3839796781539917,
    "16": 0.3504416346549988,
    "17": 0.31547680497169495,
    "18": 0.251494437456131,
    "19": 0.3820858299732208,
    "20": 0.3659021556377411,
    "21": 0.36336275935173035,
    "22": 0.3246529698371887,
    "23": 0.32750165462493896,
    "24": 0.33435696363449097,
    "25": 0.3567701578140259,
    "26": 0.3251262307167053,
    "27": 0.3369676172733307,
    "28": 0.3667268455028534,
    "29": 0.3512389659881592
  },
  "overall_score": 0.35099348425865173
}